ФОРСУНКА CAT 3116,15000
ФОРСУНКА Caterpillar C9,32700
СТЕКЛО ЛОБОВОЕ CAT 428E,16000
ПОРШНЕВОЙ НАБОР CAT 3054,5000
ВКЛАДЫШИ CATERPILLAR С15 (комплект),9000
НАСОС МАСЛЯННЫЙ CAT 3116 № 200-4497,25950
СТАРТЕР CAT 3116 № 207-1516,26500
КОРОНКИ КОВША Komatsu,1637
ТНВД CATERPILLAR С9,166635
КОМПЛЕКТ ФИЛЬТРОВ для ТО CAT 3054,7900
СТЕКЛО БОКОВОЕ Komatsu WB97,12000
СТЕКЛО БОКОВОЕ Hitachi ZX,9000
БЛОК ЦИЛИНДРОВ Cummins ISF 2.8,62000
БЛОК ЦИЛИНДРОВ CAT C9,102000
КОЛЕНВАЛ Cummins M11,29000
ГБЦ Cummins ISF 3.8,24703
ГУСЕНИЦА Сaterpillar 330,250000
КАРТРИДЖ ТУРБИНЫ CAT 3116 № 118-2032,39750
ФОРСУНКА CAT 3054  C4.4  Perkins 2645K011,11000
КОЛЬЦО ПОРШНЕВОЕ  CAT C7 № 238-2706,1850
Фильтр масляный CAT C7 № 1R-1807,537
Фильтр масляный  CAT C7 № 1R-1808,537
СЕПАРАТОР ТОПЛИВА RACOC 230R,12000
ФОРСУНКА 0445120123,14500
ФОРСУНКА 0445110376,11000
