Стекло для автобуса Neoplan,49000
Стекло для экскаваторов CAT,16200
Стекло для экскаваторов Komatsu,15300
Лобовое стекло MAN,9000
Стекло боковое Ивеко,5700
Стекло на экскаватор погрузчик CAT,13000
Лобовое стекло Скания,6700
Лобовое стекло JCB,15700
Cтекло для трактора Terex,11700
Cтекло для бульдозера Caterpillar,15400
Стекло лобовое HITACHI,12700
Стекло боковое HITACHI,9000
Лобовое стекло Bobcat,18600
Cтекла Neoplan,40000
Cтекло John deere,13400
Cтекло лобовое на хитачи,10700
Стекло заднее Jcb,10000
Стекло экскаватор HYUNDAI,9000
Стекло Либхер,16000
Cтекло боковое Терекс,12000
Стекла на Неоплан,45000
Cтекло боковое NEW HOLLAND,6700
Cтекло на экскаватор Samsung,8000
Cтекло на экскаватор Volvo,9000
Cтекло на погрузчик Caterpillar,9900
Стекло боковое Jcb 3CX,11400
Стекло заднее HITACHI,10000
Cтекло боковое John deere,9100
Стекло на фронтальный погрузчик,12000
Лобовое стекло Cat 428F,14700